,Alteration,Breast Cancer Case Alleles,Control Alleles,Classification
0,c.-976G>C,46,40,VUS
1,c.-835C>T,14,10,VUS
2,c.-931G>A,0,1,VUS
3,c.-765G>A,5,1,VUS
4,c.-1151C>G,0,1,VUS
5,c.-873G>A,1,1,VUS
7,c.-1084G>C,0,1,VUS
8,c.-959G>T,1,0,VUS
9,c.-1241A>G,1,0,VUS
10,c.-1213G>T,1,1,VUS
11,c.-1060C>A,1,0,VUS
12,c.-993G>C,1,0,VUS
13,c.-1087C>A,1,0,VUS
14,c.-1113A>G,0,1,VUS
15,c.-772A>C,1,1,VUS
16,c.-785C>T,0,1,VUS
17,c.-908T>G,1,0,VUS
18,c.-1191G>A,12,5,VUS
19,c.-14A>C,0,1,VUS
20,c.-1255C>A,1,0,VUS
21,c.-1014G>A,1,0,VUS
22,c.-1175C>T,3,0,VUS
23,c.-1075G>A,0,1,VUS
25,c.-1026C>G,0,1,VUS
26,c.-863G>T,0,0,VUS
27,c.-1208G>A,0,1,VUS
28,c.-1079C>T,1,0,VUS
29,c.-1138G>A,0,1,VUS
30,c.-797G>A,2,0,VUS
31,c.-1058T>G,1,0,VUS
32,c.-1014G>T,1,0,VUS
33,c.-1246T>C,0,1,VUS
35,c.-864T>C,1,0,VUS
36,c.-819A>G,3,0,VUS
37,c.-976G>A,48,25,VUS
38,c.-1297A>G,0,1,VUS
39,c.-814G>T,1,1,VUS
40,c.-1276A>G,1,0,VUS
41,c.-893T>C,1,0,VUS
42,c.-1044G>T,1,0,VUS
43,c.-832G>A,1,0,VUS
44,c.-1045T>A,3,4,VUS
45,c.-1052C>T,2,0,VUS
46,c.-860A>C,1,0,VUS
47,c.-966G>A,1,0,VUS
48,c.-1096G>T,1,0,VUS
49,c.-924C>T,3,1,VUS
50,c.-989C>A,0,1,VUS
53,c.-857C>T,1,0,VUS
54,c.-826T>C,0,1,VUS
56,c.-1008G>T,1,0,VUS
57,c.-850G>A,1,0,VUS
59,c.-1237G>T,1,0,VUS
60,c.-1145A>C,2,1,VUS
61,c.-921G>A,3,1,VUS
63,c.-1042C>G,1,1,VUS
64,c.-859C>G,2,0,VUS
65,c.-840C>T,0,0,VUS
66,c.-1010C>T,1,0,VUS
67,c.-1282C>T,0,1,VUS
68,c.-791G>A,1,0,VUS
69,c.-1267C>G,0,1,VUS
70,c.-820C>T,1,0,VUS
71,c.-802G>A,2,0,VUS
72,c.-1258C>T,0,1,VUS
73,c.-998C>G,1,0,VUS
75,c.-1294C>T,1,2,VUS
76,c.-752G>T,1,0,VUS
77,c.-772A>G,0,1,VUS
78,c.-864T>G,1,0,VUS
79,c.-1288C>T,1,0,VUS
80,c.-1193C>T,1,0,VUS
81,c.-946G>A,1,1,VUS
82,c.-1066C>T,1,0,VUS
83,c.-1031C>T,1,0,VUS
84,c.-1088G>A,1,1,VUS
85,c.-987C>T,2,0,VUS
86,c.-1091T>C,0,0,VUS
88,c.-1081C>T,0,2,VUS
89,c.-806G>A,0,1,VUS
90,c.-1236C>G,1,0,VUS
91,c.-1098G>A,0,1,VUS
93,c.-1002C>A,0,1,VUS
94,c.-1182G>T,0,1,VUS
95,c.-1240G>A,1,2,VUS
96,c.-952C>T,0,1,VUS
97,c.-754A>T,0,1,VUS
98,c.-1139A>T,1,0,VUS
100,c.-1026C>T,1,0,VUS
101,c.-996C>T,1,0,VUS
102,c.-837C>T,5,2,VUS
103,c.-902G>A,1,0,VUS
104,c.-1021C>T,0,1,VUS
105,c.-860A>G,6,1,VUS
106,c.-798A>G,1,3,VUS
107,c.-1203G>A,2,0,VUS
108,c.-1155G>A,1,1,VUS
109,c.-905C>A,2,0,VUS
110,c.-873G>C,0,1,VUS
111,c.-876C>A,1,0,VUS
112,c.-1235C>T,0,4,VUS
113,c.-944C>T,5,4,VUS
114,c.-1241A>C,1,0,VUS
115,c.-1279C>G,0,1,VUS
116,c.-1124G>A,1,0,VUS
117,c.-1203G>C,1,0,VUS
118,c.-968G>A,1,0,VUS
119,c.-1296G>T,3,0,VUS
120,c.-888T>C,1,0,VUS
121,c.-1083C>T,1,1,VUS
122,c.-1101T>G,0,1,VUS
123,c.-1165G>A,1,0,VUS
125,c.-1212C>T,1,0,VUS
126,c.-904G>C,1,1,VUS
127,c.-1008G>A,1,1,VUS
128,c.-933G>A,2,0,VUS
129,c.-1003C>T,1,0,VUS
130,c.-946G>C,1,0,VUS
131,c.-1097G>A,1,0,VUS
133,c.-825G>A,1,0,VUS
134,c.-1079C>G,0,0,VUS
135,c.-1207C>G,0,1,VUS
136,c.-913T>C,0,1,VUS
137,c.-844T>C,6,3,VUS
138,c.-852G>A,1,0,VUS
139,c.-1178C>T,1,0,VUS
140,c.-836T>G,1,0,VUS
141,c.-898C>G,1,1,VUS
142,c.-801T>C,1,0,VUS
143,c.-965G>A,1,0,VUS
144,c.-1295T>G,1,0,VUS
145,c.-1082A>C,1,0,VUS
146,c.-1047C>T,0,0,VUS
147,c.-1110G>T,0,1,VUS
148,c.-956C>T,1,0,VUS
149,c.-1205T>C,1,1,VUS
150,c.-8T>C,1,0,VUS
151,c.-851C>A,1,1,VUS
153,c.-1143C>A,0,0,VUS
154,c.-1058T>A,0,0,VUS
155,c.-934G>C,0,1,VUS
156,c.-1222G>C,1,0,VUS
157,c.-1137G>A,2,1,VUS
158,c.-941C>T,0,1,VUS
159,c.-1050C>T,2,3,VUS
160,c.-866G>C,0,1,VUS
161,c.-867C>T,0,1,VUS
162,c.-1206G>A,6,0,VUS
163,c.-869G>C,3,6,VUS
164,c.-930G>A,5,3,VUS
165,c.-822G>A,1,0,VUS
166,c.-1257G>C,1,0,VUS
168,c.-1177T>G,3,0,VUS
169,c.-857C>G,3,1,VUS
172,c.-960C>T,1,0,VUS
173,c.-856G>C,1,0,VUS
174,c.-1080C>T,1,0,VUS
175,c.-1170T>C,1,1,VUS
176,c.-1246T>G,0,0,VUS
178,c.-747C>T,0,0,VUS
179,c.-755G>A,1,1,VUS
181,c.-814G>A,4,0,VUS
182,c.-1048C>A,0,1,VUS
183,c.-1169G>T,0,1,VUS
184,c.-926G>A,0,0,VUS
185,c.-949C>T,1,0,VUS
186,c.-1173G>A,0,1,VUS
187,c.-795C>T,1,1,VUS
188,c.-1171C>A,3,2,VUS
189,c.-917G>C,0,1,VUS
190,c.-1020C>T,1,0,VUS
191,c.-910T>G,1,0,VUS
192,c.-862G>C,0,0,VUS
193,c.-1077G>C,6,2,VUS
194,c.-1085C>G,1,1,VUS
195,c.-842C>T,2,0,VUS
196,c.-1291C>T,2,0,VUS
197,c.-1101T>C,0,0,VUS
198,c.-1103G>A,0,0,VUS
199,c.-851C>T,1,1,VUS
201,c.-1089C>A,1,0,VUS
202,c.-857C>A,0,1,VUS
203,c.-828G>A,1,1,VUS
204,c.-1099G>T,1,0,VUS
205,c.-1175C>A,3,1,VUS
206,c.-983T>C,0,0,VUS
207,c.-1172G>A,1,0,VUS
208,c.-1062C>A,1,1,VUS
209,c.-1171C>T,15,7,VUS
210,c.-1061C>T,1,0,VUS
211,c.-789G>A,3,0,VUS
212,c.-968G>C,1,0,VUS
214,c.-1243G>A,16,7,VUS
215,c.-916C>A,1,0,VUS
216,c.-905C>T,2,0,VUS
217,c.-833C>T,1,0,VUS
218,c.-937G>A,1,0,VUS
223,c.203A>G,1,0,Pathogenic
227,c.850G>T,1,0,Pathogenic
228,c.635-3C>G,1,0,VLP
233,c.1003C>T,1,2,Pathogenic
241,c.518G>C,0,1,VLP
247,c.388C>T,3,0,Pathogenic
